{"mean":{"confidence_interval":{"confidence_level":0.95,"lower_bound":5789.492451548507,"upper_bound":6413.7433942067555},"point_estimate":6066.765760462866,"standard_error":159.87245852642081},"median":{"confidence_interval":{"confidence_level":0.95,"lower_bound":5443.631150098093,"upper_bound":5594.398161764706},"point_estimate":5447.9533296337395,"standard_error":36.99016581586982},"median_abs_dev":{"confidence_interval":{"confidence_level":0.95,"lower_bound":159.42968400051703,"upper_bound":377.8041329183042},"point_estimate":213.23464730213118,"standard_error":52.500955455467874},"slope":{"confidence_interval":{"confidence_level":0.95,"lower_bound":5526.862450198577,"upper_bound":5906.585141076659},"point_estimate":5684.724796182164,"standard_error":97.37451459006627},"std_dev":{"confidence_interval":{"confidence_level":0.95,"lower_bound":773.1371305049008,"upper_bound":2286.7687268096483},"point_estimate":1597.7966260994667,"standard_error":391.53183267601526}}