{"mean":{"confidence_interval":{"confidence_level":0.95,"lower_bound":59695.88808948576,"upper_bound":64826.81383834812},"point_estimate":62062.69552771896,"standard_error":1309.4725332576306},"median":{"confidence_interval":{"confidence_level":0.95,"lower_bound":54510.856164383564,"upper_bound":58183.63876863877},"point_estimate":55562.30765993266,"standard_error":938.3621108620277},"median_abs_dev":{"confidence_interval":{"confidence_level":0.95,"lower_bound":1530.6877246767122,"upper_bound":6907.000218786488},"point_estimate":3043.301851959973,"standard_error":1390.056543458176},"slope":{"confidence_interval":{"confidence_level":0.95,"lower_bound":59180.51191290634,"upper_bound":64801.4555249183},"point_estimate":61956.01101210121,"standard_error":1432.3638285536786},"std_dev":{"confidence_interval":{"confidence_level":0.95,"lower_bound":8138.488004097156,"upper_bound":17858.513877167265},"point_estimate":13174.236220461762,"standard_error":2542.2179819637045}}